{
	"global": {
			"inspector":false
		},
	"ability": {
			"global_cooldown":800
		},
	"about": {
			"version_number":"0.2"
		},
	"artificialintelligence": {
			"threateneddist":5,
			"fleedistance_min":6,
			"fleedistance_max":8
		},
	"consumermanager": {
			"preys_max":5,
			"preys_adding_min":3000,
			"preys_adding_init":20000,
			"preys_adding_dec":50,
			"preys_adding_deceach":14000
		},
	"gameinterface": {
			
		},		
	"gamemanager": {
			"raisescoretime":1
		},
	"gamestateinterface": {
			
		},
	"inertmanager": {
			"oasisdistance":3
		},
	"level": {
			
		},
	"menu": {
			
		},
	"waterpoint": {
			"sizecells":3,
			"sizesprite":4
		},
	"palmtree": {
			"sizecells":1,
			"sizesprite":6
		},
	"plant": {
			"sizecells":1,
			"sizesprite":1.25,
			"growtime_leaf":15,
			"growtime_fruit":20,
			"growtime_seed":25
		},
	"predator": {
			"sizecells":3,
			"sizesprite":4,
			"range":4,
			"waterneeded":20,
			
			"plantrange":4,
			"sizeseed":1,
			"seedlaunchtime":300,
			
			"sizewaterjet":0.62,
			"waterjettime":130,
			
			"sizetongue":1,
			"tonguegrabtime":130,
			"openmouthtime":130,
			"closemouthtime":80,
			
			"health":100,
			"hydration":100,
			"hunger":100,
			"energy":100,
			"seeds":1,
			"thorn":1,
			
			"time_dehydrate":0.5,
			"time_hunger":1,
			"time_energy":1.3,
			"time_seeds":60,
			"time_selfheal":10,
			"time_deteriorate":0.10,
			"time_drinking":0.05,
			"time_thorn":30,
			
			"eat_prey_hunger":10,
			"eat_plantleafy_hunger":15,
			"eat_plantleafy_seeds":1,
			"eat_plantfruity_hunger":15,
			"eat_plantfruity_energy":10,
			"eat_plantfruity_seeds":1,
			"eat_plantseedy_hunger":15,
			"eat_plantseedy_energy":10,
			"eat_plantseedy_seeds":2
		},
	"prey": {
			"sizecells":1,
			"sizesprite":1.5,
			"speed_normal":2,
			"speed_sprint":5,
			"plant_detectiondistance":5,
			"think_persecond":2,
			"eat_time":400,
			"chewtime":200,
			"sound_distancemax":7
		},
	"scores": {
			
		},
	"sightfog": {
			"activated":true,
			"min_width":0.4,
			"max_width":2.8
		}
}